Value,Computed
New Year's Day 2000,12/22/1999-1/11/2000
2000 New Year's Day,12/22/1999-1/11/2000
New Year's Day '00,12/22/1999-1/11/2000
'00 New Year's Day,12/22/1999-1/11/2000
New Year's 2000,12/22/1999-1/11/2000
2000 New Year's,12/22/1999-1/11/2000
New Year's '00',12/22/1999-1/11/2000
'00 New Year's,12/22/1999-1/11/2000
New Years 2000,12/22/1999-1/11/2000
2000 New Years,12/22/1999-1/11/2000
New Years '00,12/22/1999-1/11/2000
'00 New Years,12/22/1999-1/11/2000
Memorial Day,5/19/2000-6/8/2000
Independence Day,6/24/2000-7/14/2000
Labor Day,8/25/2000-9/14/2000
Veterans Day,11/1/2000-11/21/2000
Thanksgiving 2000,11/13/2000-12/3/2000
2000 Thanksgiving,11/13/2000-12/3/2000
Thanksgiving '00,11/13/2000-12/3/2000
'00 Thanksgiving,11/13/2000-12/3/2000
Christmas 2000,12/15/2000-1/4/2001
2000 Christmas,12/15/2000-1/4/2001
Christmas '00,12/15/2000-1/4/2001
'00 Christmas,12/15/2000-1/4/2001
Martin Luther King Jr. Day,1/7/2000-1/27/2000
Washington's Birthday,2/11/2000-3/2/2000
Columbus Day,9/29/2000-10/19/2000
New Year's Day 2001,12/22/2000-1/11/2001
2001 New Year's Day,12/22/2000-1/11/2001
New Year's Day '01,12/22/2000-1/11/2001
'01 New Year's Day,12/22/2000-1/11/2001
New Year's 2001,12/22/2000-1/11/2001
2001 New Year's,12/22/2000-1/11/2001
New Year's '01',12/22/2000-1/11/2001
'01 New Year's,12/22/2000-1/11/2001
New Years 2001,12/22/2000-1/11/2001
2001 New Years,12/22/2000-1/11/2001
New Years '01,12/22/2000-1/11/2001
'01 New Years,12/22/2000-1/11/2001
Memorial Day,5/18/2001-6/7/2001
Independence Day,6/24/2001-7/14/2001
Labor Day,8/24/2001-9/13/2001
Veterans Day,11/1/2001-11/21/2001
Thanksgiving 2001,11/12/2001-12/2/2001
2001 Thanksgiving,11/12/2001-12/2/2001
Thanksgiving '01,11/12/2001-12/2/2001
'01 Thanksgiving,11/12/2001-12/2/2001
Christmas 2001,12/15/2001-1/4/2002
2001 Christmas,12/15/2001-1/4/2002
Christmas '01,12/15/2001-1/4/2002
'01 Christmas,12/15/2001-1/4/2002
Martin Luther King Jr. Day,1/5/2001-1/25/2001
Washington's Birthday,2/9/2001-3/1/2001
Columbus Day,9/28/2001-10/18/2001
New Year's Day 2002,12/22/2001-1/11/2002
2002 New Year's Day,12/22/2001-1/11/2002
New Year's Day '02,12/22/2001-1/11/2002
'02 New Year's Day,12/22/2001-1/11/2002
New Year's 2002,12/22/2001-1/11/2002
2002 New Year's,12/22/2001-1/11/2002
New Year's '02',12/22/2001-1/11/2002
'02 New Year's,12/22/2001-1/11/2002
New Years 2002,12/22/2001-1/11/2002
2002 New Years,12/22/2001-1/11/2002
New Years '02,12/22/2001-1/11/2002
'02 New Years,12/22/2001-1/11/2002
Memorial Day,5/17/2002-6/6/2002
Independence Day,6/24/2002-7/14/2002
Labor Day,8/23/2002-9/12/2002
Veterans Day,11/1/2002-11/21/2002
Thanksgiving 2002,11/18/2002-12/8/2002
2002 Thanksgiving,11/18/2002-12/8/2002
Thanksgiving '02,11/18/2002-12/8/2002
'02 Thanksgiving,11/18/2002-12/8/2002
Christmas 2002,12/15/2002-1/4/2003
2002 Christmas,12/15/2002-1/4/2003
Christmas '02,12/15/2002-1/4/2003
'02 Christmas,12/15/2002-1/4/2003
Martin Luther King Jr. Day,1/11/2002-1/31/2002
Washington's Birthday,2/8/2002-2/28/2002
Columbus Day,10/4/2002-10/24/2002
New Year's Day 2003,12/22/2002-1/11/2003
2003 New Year's Day,12/22/2002-1/11/2003
New Year's Day '03,12/22/2002-1/11/2003
'03 New Year's Day,12/22/2002-1/11/2003
New Year's 2003,12/22/2002-1/11/2003
2003 New Year's,12/22/2002-1/11/2003
New Year's '03',12/22/2002-1/11/2003
'03 New Year's,12/22/2002-1/11/2003
New Years 2003,12/22/2002-1/11/2003
2003 New Years,12/22/2002-1/11/2003
New Years '03,12/22/2002-1/11/2003
'03 New Years,12/22/2002-1/11/2003
Memorial Day,5/16/2003-6/5/2003
Independence Day,6/24/2003-7/14/2003
Labor Day,8/22/2003-9/11/2003
Veterans Day,11/1/2003-11/21/2003
Thanksgiving 2003,11/17/2003-12/7/2003
2003 Thanksgiving,11/17/2003-12/7/2003
Thanksgiving '03,11/17/2003-12/7/2003
'03 Thanksgiving,11/17/2003-12/7/2003
Christmas 2003,12/15/2003-1/4/2004
2003 Christmas,12/15/2003-1/4/2004
Christmas '03,12/15/2003-1/4/2004
'03 Christmas,12/15/2003-1/4/2004
Martin Luther King Jr. Day,1/10/2003-1/30/2003
Washington's Birthday,2/7/2003-2/27/2003
Columbus Day,10/3/2003-10/23/2003
New Year's Day 2004,12/22/2003-1/11/2004
2004 New Year's Day,12/22/2003-1/11/2004
New Year's Day '04,12/22/2003-1/11/2004
'04 New Year's Day,12/22/2003-1/11/2004
New Year's 2004,12/22/2003-1/11/2004
2004 New Year's,12/22/2003-1/11/2004
New Year's '04',12/22/2003-1/11/2004
'04 New Year's,12/22/2003-1/11/2004
New Years 2004,12/22/2003-1/11/2004
2004 New Years,12/22/2003-1/11/2004
New Years '04,12/22/2003-1/11/2004
'04 New Years,12/22/2003-1/11/2004
Memorial Day,5/21/2004-6/10/2004
Independence Day,6/24/2004-7/14/2004
Labor Day,8/27/2004-9/16/2004
Veterans Day,11/1/2004-11/21/2004
Thanksgiving 2004,11/15/2004-12/5/2004
2004 Thanksgiving,11/15/2004-12/5/2004
Thanksgiving '04,11/15/2004-12/5/2004
'04 Thanksgiving,11/15/2004-12/5/2004
Christmas 2004,12/15/2004-1/4/2005
2004 Christmas,12/15/2004-1/4/2005
Christmas '04,12/15/2004-1/4/2005
'04 Christmas,12/15/2004-1/4/2005
Martin Luther King Jr. Day,1/9/2004-1/29/2004
Washington's Birthday,2/6/2004-2/26/2004
Columbus Day,10/1/2004-10/21/2004
New Year's Day 2005,12/22/2004-1/11/2005
2005 New Year's Day,12/22/2004-1/11/2005
New Year's Day '05,12/22/2004-1/11/2005
'05 New Year's Day,12/22/2004-1/11/2005
New Year's 2005,12/22/2004-1/11/2005
2005 New Year's,12/22/2004-1/11/2005
New Year's '05',12/22/2004-1/11/2005
'05 New Year's,12/22/2004-1/11/2005
New Years 2005,12/22/2004-1/11/2005
2005 New Years,12/22/2004-1/11/2005
New Years '05,12/22/2004-1/11/2005
'05 New Years,12/22/2004-1/11/2005
Memorial Day,5/20/2005-6/9/2005
Independence Day,6/24/2005-7/14/2005
Labor Day,8/26/2005-9/15/2005
Veterans Day,11/1/2005-11/21/2005
Thanksgiving 2005,11/14/2005-12/4/2005
2005 Thanksgiving,11/14/2005-12/4/2005
Thanksgiving '05,11/14/2005-12/4/2005
'05 Thanksgiving,11/14/2005-12/4/2005
Christmas 2005,12/15/2005-1/4/2006
2005 Christmas,12/15/2005-1/4/2006
Christmas '05,12/15/2005-1/4/2006
'05 Christmas,12/15/2005-1/4/2006
Martin Luther King Jr. Day,1/7/2005-1/27/2005
Washington's Birthday,2/11/2005-3/3/2005
Columbus Day,9/30/2005-10/20/2005
New Year's Day 2006,12/22/2005-1/11/2006
2006 New Year's Day,12/22/2005-1/11/2006
New Year's Day '06,12/22/2005-1/11/2006
'06 New Year's Day,12/22/2005-1/11/2006
New Year's 2006,12/22/2005-1/11/2006
2006 New Year's,12/22/2005-1/11/2006
New Year's '06',12/22/2005-1/11/2006
'06 New Year's,12/22/2005-1/11/2006
New Years 2006,12/22/2005-1/11/2006
2006 New Years,12/22/2005-1/11/2006
New Years '06,12/22/2005-1/11/2006
'06 New Years,12/22/2005-1/11/2006
Memorial Day,5/19/2006-6/8/2006
Independence Day,6/24/2006-7/14/2006
Labor Day,8/25/2006-9/14/2006
Veterans Day,11/1/2006-11/21/2006
Thanksgiving 2006,11/13/2006-12/3/2006
2006 Thanksgiving,11/13/2006-12/3/2006
Thanksgiving '06,11/13/2006-12/3/2006
'06 Thanksgiving,11/13/2006-12/3/2006
Christmas 2006,12/15/2006-1/4/2007
2006 Christmas,12/15/2006-1/4/2007
Christmas '06,12/15/2006-1/4/2007
'06 Christmas,12/15/2006-1/4/2007
Martin Luther King Jr. Day,1/6/2006-1/26/2006
Washington's Birthday,2/10/2006-3/2/2006
Columbus Day,9/29/2006-10/19/2006
New Year's Day 2007,12/22/2006-1/11/2007
2007 New Year's Day,12/22/2006-1/11/2007
New Year's Day '07,12/22/2006-1/11/2007
'07 New Year's Day,12/22/2006-1/11/2007
New Year's 2007,12/22/2006-1/11/2007
2007 New Year's,12/22/2006-1/11/2007
New Year's '07',12/22/2006-1/11/2007
'07 New Year's,12/22/2006-1/11/2007
New Years 2007,12/22/2006-1/11/2007
2007 New Years,12/22/2006-1/11/2007
New Years '07,12/22/2006-1/11/2007
'07 New Years,12/22/2006-1/11/2007
Memorial Day,5/18/2007-6/7/2007
Independence Day,6/24/2007-7/14/2007
Labor Day,8/24/2007-9/13/2007
Veterans Day,11/1/2007-11/21/2007
Thanksgiving 2007,11/12/2007-12/2/2007
2007 Thanksgiving,11/12/2007-12/2/2007
Thanksgiving '07,11/12/2007-12/2/2007
'07 Thanksgiving,11/12/2007-12/2/2007
Christmas 2007,12/15/2007-1/4/2008
2007 Christmas,12/15/2007-1/4/2008
Christmas '07,12/15/2007-1/4/2008
'07 Christmas,12/15/2007-1/4/2008
Martin Luther King Jr. Day,1/5/2007-1/25/2007
Washington's Birthday,2/9/2007-3/1/2007
Columbus Day,9/28/2007-10/18/2007
New Year's Day 2008,12/22/2007-1/11/2008
2008 New Year's Day,12/22/2007-1/11/2008
New Year's Day '08,12/22/2007-1/11/2008
'08 New Year's Day,12/22/2007-1/11/2008
New Year's 2008,12/22/2007-1/11/2008
2008 New Year's,12/22/2007-1/11/2008
New Year's '08',12/22/2007-1/11/2008
'08 New Year's,12/22/2007-1/11/2008
New Years 2008,12/22/2007-1/11/2008
2008 New Years,12/22/2007-1/11/2008
New Years '08,12/22/2007-1/11/2008
'08 New Years,12/22/2007-1/11/2008
Memorial Day,5/16/2008-6/5/2008
Independence Day,6/24/2008-7/14/2008
Labor Day,8/22/2008-9/11/2008
Veterans Day,11/1/2008-11/21/2008
Thanksgiving 2008,11/17/2008-12/7/2008
2008 Thanksgiving,11/17/2008-12/7/2008
Thanksgiving '08,11/17/2008-12/7/2008
'08 Thanksgiving,11/17/2008-12/7/2008
Christmas 2008,12/15/2008-1/4/2009
2008 Christmas,12/15/2008-1/4/2009
Christmas '08,12/15/2008-1/4/2009
'08 Christmas,12/15/2008-1/4/2009
Martin Luther King Jr. Day,1/11/2008-1/31/2008
Washington's Birthday,2/8/2008-2/28/2008
Columbus Day,10/3/2008-10/23/2008
New Year's Day 2009,12/22/2008-1/11/2009
2009 New Year's Day,12/22/2008-1/11/2009
New Year's Day '09,12/22/2008-1/11/2009
'09 New Year's Day,12/22/2008-1/11/2009
New Year's 2009,12/22/2008-1/11/2009
2009 New Year's,12/22/2008-1/11/2009
New Year's '09',12/22/2008-1/11/2009
'09 New Year's,12/22/2008-1/11/2009
New Years 2009,12/22/2008-1/11/2009
2009 New Years,12/22/2008-1/11/2009
New Years '09,12/22/2008-1/11/2009
'09 New Years,12/22/2008-1/11/2009
Memorial Day,5/15/2009-6/4/2009
Independence Day,6/24/2009-7/14/2009
Labor Day,8/28/2009-9/17/2009
Veterans Day,11/1/2009-11/21/2009
Thanksgiving 2009,11/16/2009-12/6/2009
2009 Thanksgiving,11/16/2009-12/6/2009
Thanksgiving '09,11/16/2009-12/6/2009
'09 Thanksgiving,11/16/2009-12/6/2009
Christmas 2009,12/15/2009-1/4/2010
2009 Christmas,12/15/2009-1/4/2010
Christmas '09,12/15/2009-1/4/2010
'09 Christmas,12/15/2009-1/4/2010
Martin Luther King Jr. Day,1/9/2009-1/29/2009
Washington's Birthday,2/6/2009-2/26/2009
Columbus Day,10/2/2009-10/22/2009
New Year's Day 2010,12/22/2009-1/11/2010
2010 New Year's Day,12/22/2009-1/11/2010
New Year's Day '10,12/22/2009-1/11/2010
'10 New Year's Day,12/22/2009-1/11/2010
New Year's 2010,12/22/2009-1/11/2010
2010 New Year's,12/22/2009-1/11/2010
New Year's '10',12/22/2009-1/11/2010
'10 New Year's,12/22/2009-1/11/2010
New Years 2010,12/22/2009-1/11/2010
2010 New Years,12/22/2009-1/11/2010
New Years '10,12/22/2009-1/11/2010
'10 New Years,12/22/2009-1/11/2010
Memorial Day,5/21/2010-6/10/2010
Independence Day,6/24/2010-7/14/2010
Labor Day,8/27/2010-9/16/2010
Veterans Day,11/1/2010-11/21/2010
Thanksgiving 2010,11/15/2010-12/5/2010
2010 Thanksgiving,11/15/2010-12/5/2010
Thanksgiving '10,11/15/2010-12/5/2010
'10 Thanksgiving,11/15/2010-12/5/2010
Christmas 2010,12/15/2010-1/4/2011
2010 Christmas,12/15/2010-1/4/2011
Christmas '10,12/15/2010-1/4/2011
'10 Christmas,12/15/2010-1/4/2011
Martin Luther King Jr. Day,1/8/2010-1/28/2010
Washington's Birthday,2/5/2010-2/25/2010
Columbus Day,10/1/2010-10/21/2010
New Year's Day 2011,12/22/2010-1/11/2011
2011 New Year's Day,12/22/2010-1/11/2011
New Year's Day '11,12/22/2010-1/11/2011
'11 New Year's Day,12/22/2010-1/11/2011
New Year's 2011,12/22/2010-1/11/2011
2011 New Year's,12/22/2010-1/11/2011
New Year's '11',12/22/2010-1/11/2011
'11 New Year's,12/22/2010-1/11/2011
New Years 2011,12/22/2010-1/11/2011
2011 New Years,12/22/2010-1/11/2011
New Years '11,12/22/2010-1/11/2011
'11 New Years,12/22/2010-1/11/2011
Memorial Day,5/20/2011-6/9/2011
Independence Day,6/24/2011-7/14/2011
Labor Day,8/26/2011-9/15/2011
Veterans Day,11/1/2011-11/21/2011
Thanksgiving 2011,11/14/2011-12/4/2011
2011 Thanksgiving,11/14/2011-12/4/2011
Thanksgiving '11,11/14/2011-12/4/2011
'11 Thanksgiving,11/14/2011-12/4/2011
Christmas 2011,12/15/2011-1/4/2012
2011 Christmas,12/15/2011-1/4/2012
Christmas '11,12/15/2011-1/4/2012
'11 Christmas,12/15/2011-1/4/2012
Martin Luther King Jr. Day,1/7/2011-1/27/2011
Washington's Birthday,2/11/2011-3/3/2011
Columbus Day,9/30/2011-10/20/2011
New Year's Day 2012,12/22/2011-1/11/2012
2012 New Year's Day,12/22/2011-1/11/2012
New Year's Day '12,12/22/2011-1/11/2012
'12 New Year's Day,12/22/2011-1/11/2012
New Year's 2012,12/22/2011-1/11/2012
2012 New Year's,12/22/2011-1/11/2012
New Year's '12',12/22/2011-1/11/2012
'12 New Year's,12/22/2011-1/11/2012
New Years 2012,12/22/2011-1/11/2012
2012 New Years,12/22/2011-1/11/2012
New Years '12,12/22/2011-1/11/2012
'12 New Years,12/22/2011-1/11/2012
Memorial Day,5/18/2012-6/7/2012
Independence Day,6/24/2012-7/14/2012
Labor Day,8/24/2012-9/13/2012
Veterans Day,11/1/2012-11/21/2012
Thanksgiving 2012,11/12/2012-12/2/2012
2012 Thanksgiving,11/12/2012-12/2/2012
Thanksgiving '12,11/12/2012-12/2/2012
'12 Thanksgiving,11/12/2012-12/2/2012
Christmas 2012,12/15/2012-1/4/2013
2012 Christmas,12/15/2012-1/4/2013
Christmas '12,12/15/2012-1/4/2013
'12 Christmas,12/15/2012-1/4/2013
Martin Luther King Jr. Day,1/6/2012-1/26/2012
Washington's Birthday,2/10/2012-3/1/2012
Columbus Day,9/28/2012-10/18/2012
New Year's Day 2013,12/22/2012-1/11/2013
2013 New Year's Day,12/22/2012-1/11/2013
New Year's Day '13,12/22/2012-1/11/2013
'13 New Year's Day,12/22/2012-1/11/2013
New Year's 2013,12/22/2012-1/11/2013
2013 New Year's,12/22/2012-1/11/2013
New Year's '13',12/22/2012-1/11/2013
'13 New Year's,12/22/2012-1/11/2013
New Years 2013,12/22/2012-1/11/2013
2013 New Years,12/22/2012-1/11/2013
New Years '13,12/22/2012-1/11/2013
'13 New Years,12/22/2012-1/11/2013
Memorial Day,5/17/2013-6/6/2013
Independence Day,6/24/2013-7/14/2013
Labor Day,8/23/2013-9/12/2013
Veterans Day,11/1/2013-11/21/2013
Thanksgiving 2013,11/18/2013-12/8/2013
2013 Thanksgiving,11/18/2013-12/8/2013
Thanksgiving '13,11/18/2013-12/8/2013
'13 Thanksgiving,11/18/2013-12/8/2013
Christmas 2013,12/15/2013-1/4/2014
2013 Christmas,12/15/2013-1/4/2014
Christmas '13,12/15/2013-1/4/2014
'13 Christmas,12/15/2013-1/4/2014
Martin Luther King Jr. Day,1/11/2013-1/31/2013
Washington's Birthday,2/8/2013-2/28/2013
Columbus Day,10/4/2013-10/24/2013
New Year's Day 2014,12/22/2013-1/11/2014
2014 New Year's Day,12/22/2013-1/11/2014
New Year's Day '14,12/22/2013-1/11/2014
'14 New Year's Day,12/22/2013-1/11/2014
New Year's 2014,12/22/2013-1/11/2014
2014 New Year's,12/22/2013-1/11/2014
New Year's '14',12/22/2013-1/11/2014
'14 New Year's,12/22/2013-1/11/2014
New Years 2014,12/22/2013-1/11/2014
2014 New Years,12/22/2013-1/11/2014
New Years '14,12/22/2013-1/11/2014
'14 New Years,12/22/2013-1/11/2014
Memorial Day,5/16/2014-6/5/2014
Independence Day,6/24/2014-7/14/2014
Labor Day,8/22/2014-9/11/2014
Veterans Day,11/1/2014-11/21/2014
Thanksgiving 2014,11/17/2014-12/7/2014
2014 Thanksgiving,11/17/2014-12/7/2014
Thanksgiving '14,11/17/2014-12/7/2014
'14 Thanksgiving,11/17/2014-12/7/2014
Christmas 2014,12/15/2014-1/4/2015
2014 Christmas,12/15/2014-1/4/2015
Christmas '14,12/15/2014-1/4/2015
'14 Christmas,12/15/2014-1/4/2015
Martin Luther King Jr. Day,1/10/2014-1/30/2014
Washington's Birthday,2/7/2014-2/27/2014
Columbus Day,10/3/2014-10/23/2014
New Year's Day 2015,12/22/2014-1/11/2015
2015 New Year's Day,12/22/2014-1/11/2015
New Year's Day '15,12/22/2014-1/11/2015
'15 New Year's Day,12/22/2014-1/11/2015
New Year's 2015,12/22/2014-1/11/2015
2015 New Year's,12/22/2014-1/11/2015
New Year's '15',12/22/2014-1/11/2015
'15 New Year's,12/22/2014-1/11/2015
New Years 2015,12/22/2014-1/11/2015
2015 New Years,12/22/2014-1/11/2015
New Years '15,12/22/2014-1/11/2015
'15 New Years,12/22/2014-1/11/2015
Memorial Day,5/15/2015-6/4/2015
Independence Day,6/24/2015-7/14/2015
Labor Day,8/28/2015-9/17/2015
Veterans Day,11/1/2015-11/21/2015
Thanksgiving 2015,11/16/2015-12/6/2015
2015 Thanksgiving,11/16/2015-12/6/2015
Thanksgiving '15,11/16/2015-12/6/2015
'15 Thanksgiving,11/16/2015-12/6/2015
Christmas 2015,12/15/2015-1/4/2016
2015 Christmas,12/15/2015-1/4/2016
Christmas '15,12/15/2015-1/4/2016
'15 Christmas,12/15/2015-1/4/2016
Martin Luther King Jr. Day,1/9/2015-1/29/2015
Washington's Birthday,2/6/2015-2/26/2015
Columbus Day,10/2/2015-10/22/2015
New Year's Day 2016,12/22/2015-1/11/2016
2016 New Year's Day,12/22/2015-1/11/2016
New Year's Day '16,12/22/2015-1/11/2016
'16 New Year's Day,12/22/2015-1/11/2016
New Year's 2016,12/22/2015-1/11/2016
2016 New Year's,12/22/2015-1/11/2016
New Year's '16',12/22/2015-1/11/2016
'16 New Year's,12/22/2015-1/11/2016
New Years 2016,12/22/2015-1/11/2016
2016 New Years,12/22/2015-1/11/2016
New Years '16,12/22/2015-1/11/2016
'16 New Years,12/22/2015-1/11/2016
Memorial Day,5/20/2016-6/9/2016
Independence Day,6/24/2016-7/14/2016
Labor Day,8/26/2016-9/15/2016
Veterans Day,11/1/2016-11/21/2016
Thanksgiving 2016,11/14/2016-12/4/2016
2016 Thanksgiving,11/14/2016-12/4/2016
Thanksgiving '16,11/14/2016-12/4/2016
'16 Thanksgiving,11/14/2016-12/4/2016
Christmas 2016,12/15/2016-1/4/2017
2016 Christmas,12/15/2016-1/4/2017
Christmas '16,12/15/2016-1/4/2017
'16 Christmas,12/15/2016-1/4/2017
Martin Luther King Jr. Day,1/8/2016-1/28/2016
Washington's Birthday,2/5/2016-2/25/2016
Columbus Day,9/30/2016-10/20/2016
New Year's Day 2017,12/22/2016-1/11/2017
2017 New Year's Day,12/22/2016-1/11/2017
New Year's Day '17,12/22/2016-1/11/2017
'17 New Year's Day,12/22/2016-1/11/2017
New Year's 2017,12/22/2016-1/11/2017
2017 New Year's,12/22/2016-1/11/2017
New Year's '17',12/22/2016-1/11/2017
'17 New Year's,12/22/2016-1/11/2017
New Years 2017,12/22/2016-1/11/2017
2017 New Years,12/22/2016-1/11/2017
New Years '17,12/22/2016-1/11/2017
'17 New Years,12/22/2016-1/11/2017
Memorial Day,5/19/2017-6/8/2017
Independence Day,6/24/2017-7/14/2017
Labor Day,8/25/2017-9/14/2017
Veterans Day,11/1/2017-11/21/2017
Thanksgiving 2017,11/13/2017-12/3/2017
2017 Thanksgiving,11/13/2017-12/3/2017
Thanksgiving '17,11/13/2017-12/3/2017
'17 Thanksgiving,11/13/2017-12/3/2017
Christmas 2017,12/15/2017-1/4/2018
2017 Christmas,12/15/2017-1/4/2018
Christmas '17,12/15/2017-1/4/2018
'17 Christmas,12/15/2017-1/4/2018
Martin Luther King Jr. Day,1/6/2017-1/26/2017
Washington's Birthday,2/10/2017-3/2/2017
Columbus Day,9/29/2017-10/19/2017
New Year's Day 2018,12/22/2017-1/11/2018
2018 New Year's Day,12/22/2017-1/11/2018
New Year's Day '18,12/22/2017-1/11/2018
'18 New Year's Day,12/22/2017-1/11/2018
New Year's 2018,12/22/2017-1/11/2018
2018 New Year's,12/22/2017-1/11/2018
New Year's '18',12/22/2017-1/11/2018
'18 New Year's,12/22/2017-1/11/2018
New Years 2018,12/22/2017-1/11/2018
2018 New Years,12/22/2017-1/11/2018
New Years '18,12/22/2017-1/11/2018
'18 New Years,12/22/2017-1/11/2018
Memorial Day,5/18/2018-6/7/2018
Independence Day,6/24/2018-7/14/2018
Labor Day,8/24/2018-9/13/2018
Veterans Day,11/1/2018-11/21/2018
Thanksgiving 2018,11/12/2018-12/2/2018
2018 Thanksgiving,11/12/2018-12/2/2018
Thanksgiving '18,11/12/2018-12/2/2018
'18 Thanksgiving,11/12/2018-12/2/2018
Christmas 2018,12/15/2018-1/4/2019
2018 Christmas,12/15/2018-1/4/2019
Christmas '18,12/15/2018-1/4/2019
'18 Christmas,12/15/2018-1/4/2019
Martin Luther King Jr. Day,1/5/2018-1/25/2018
Washington's Birthday,2/9/2018-3/1/2018
Columbus Day,9/28/2018-10/18/2018
New Year's Day 2019,12/22/2018-1/11/2019
2019 New Year's Day,12/22/2018-1/11/2019
New Year's Day '19,12/22/2018-1/11/2019
'19 New Year's Day,12/22/2018-1/11/2019
New Year's 2019,12/22/2018-1/11/2019
2019 New Year's,12/22/2018-1/11/2019
New Year's '19',12/22/2018-1/11/2019
'19 New Year's,12/22/2018-1/11/2019
New Years 2019,12/22/2018-1/11/2019
2019 New Years,12/22/2018-1/11/2019
New Years '19,12/22/2018-1/11/2019
'19 New Years,12/22/2018-1/11/2019
Memorial Day,5/17/2019-6/6/2019
Independence Day,6/24/2019-7/14/2019
Labor Day,8/23/2019-9/12/2019
Veterans Day,11/1/2019-11/21/2019
Thanksgiving 2019,11/18/2019-12/8/2019
2019 Thanksgiving,11/18/2019-12/8/2019
Thanksgiving '19,11/18/2019-12/8/2019
'19 Thanksgiving,11/18/2019-12/8/2019
Christmas 2019,12/15/2019-1/4/2020
2019 Christmas,12/15/2019-1/4/2020
Christmas '19,12/15/2019-1/4/2020
'19 Christmas,12/15/2019-1/4/2020
Martin Luther King Jr. Day,1/11/2019-1/31/2019
Washington's Birthday,2/8/2019-2/28/2019
Columbus Day,10/4/2019-10/24/2019
New Year's Day 2020,12/22/2019-1/11/2020
2020 New Year's Day,12/22/2019-1/11/2020
New Year's Day '20,12/22/2019-1/11/2020
'20 New Year's Day,12/22/2019-1/11/2020
New Year's 2020,12/22/2019-1/11/2020
2020 New Year's,12/22/2019-1/11/2020
New Year's '20',12/22/2019-1/11/2020
'20 New Year's,12/22/2019-1/11/2020
New Years 2020,12/22/2019-1/11/2020
2020 New Years,12/22/2019-1/11/2020
New Years '20,12/22/2019-1/11/2020
'20 New Years,12/22/2019-1/11/2020
Memorial Day,5/15/2020-6/4/2020
Independence Day,6/24/2020-7/14/2020
Labor Day,8/28/2020-9/17/2020
Veterans Day,11/1/2020-11/21/2020
Thanksgiving 2020,11/16/2020-12/6/2020
2020 Thanksgiving,11/16/2020-12/6/2020
Thanksgiving '20,11/16/2020-12/6/2020
'20 Thanksgiving,11/16/2020-12/6/2020
Christmas 2020,12/15/2020-1/4/2021
2020 Christmas,12/15/2020-1/4/2021
Christmas '20,12/15/2020-1/4/2021
'20 Christmas,12/15/2020-1/4/2021
Martin Luther King Jr. Day,1/10/2020-1/30/2020
Washington's Birthday,2/7/2020-2/27/2020
Columbus Day,10/2/2020-10/22/2020
New Year's Day 2021,12/22/2020-1/11/2021
2021 New Year's Day,12/22/2020-1/11/2021
New Year's Day '21,12/22/2020-1/11/2021
'21 New Year's Day,12/22/2020-1/11/2021
New Year's 2021,12/22/2020-1/11/2021
2021 New Year's,12/22/2020-1/11/2021
New Year's '21',12/22/2020-1/11/2021
'21 New Year's,12/22/2020-1/11/2021
New Years 2021,12/22/2020-1/11/2021
2021 New Years,12/22/2020-1/11/2021
New Years '21,12/22/2020-1/11/2021
'21 New Years,12/22/2020-1/11/2021
Memorial Day,5/21/2021-6/10/2021
Juneteenth National Independence Day,6/9/2021-6/29/2021
Independence Day,6/24/2021-7/14/2021
Labor Day,8/27/2021-9/16/2021
Veterans Day,11/1/2021-11/21/2021
Thanksgiving 2021,11/15/2021-12/5/2021
2021 Thanksgiving,11/15/2021-12/5/2021
Thanksgiving '21,11/15/2021-12/5/2021
'21 Thanksgiving,11/15/2021-12/5/2021
Christmas 2021,12/15/2021-1/4/2022
2021 Christmas,12/15/2021-1/4/2022
Christmas '21,12/15/2021-1/4/2022
'21 Christmas,12/15/2021-1/4/2022
Martin Luther King Jr. Day,1/8/2021-1/28/2021
Washington's Birthday,2/5/2021-2/25/2021
Columbus Day,10/1/2021-10/21/2021
New Year's Day 2022,12/22/2021-1/11/2022
2022 New Year's Day,12/22/2021-1/11/2022
New Year's Day '22,12/22/2021-1/11/2022
'22 New Year's Day,12/22/2021-1/11/2022
New Year's 2022,12/22/2021-1/11/2022
2022 New Year's,12/22/2021-1/11/2022
New Year's '22',12/22/2021-1/11/2022
'22 New Year's,12/22/2021-1/11/2022
New Years 2022,12/22/2021-1/11/2022
2022 New Years,12/22/2021-1/11/2022
New Years '22,12/22/2021-1/11/2022
'22 New Years,12/22/2021-1/11/2022
Memorial Day,5/20/2022-6/9/2022
Juneteenth National Independence Day,6/9/2022-6/29/2022
Independence Day,6/24/2022-7/14/2022
Labor Day,8/26/2022-9/15/2022
Veterans Day,11/1/2022-11/21/2022
Thanksgiving 2022,11/14/2022-12/4/2022
2022 Thanksgiving,11/14/2022-12/4/2022
Thanksgiving '22,11/14/2022-12/4/2022
'22 Thanksgiving,11/14/2022-12/4/2022
Christmas 2022,12/15/2022-1/4/2023
2022 Christmas,12/15/2022-1/4/2023
Christmas '22,12/15/2022-1/4/2023
'22 Christmas,12/15/2022-1/4/2023
Martin Luther King Jr. Day,1/7/2022-1/27/2022
Washington's Birthday,2/11/2022-3/3/2022
Columbus Day,9/30/2022-10/20/2022
New Year's Day 2023,12/22/2022-1/11/2023
2023 New Year's Day,12/22/2022-1/11/2023
New Year's Day '23,12/22/2022-1/11/2023
'23 New Year's Day,12/22/2022-1/11/2023
New Year's 2023,12/22/2022-1/11/2023
2023 New Year's,12/22/2022-1/11/2023
New Year's '23',12/22/2022-1/11/2023
'23 New Year's,12/22/2022-1/11/2023
New Years 2023,12/22/2022-1/11/2023
2023 New Years,12/22/2022-1/11/2023
New Years '23,12/22/2022-1/11/2023
'23 New Years,12/22/2022-1/11/2023
Memorial Day,5/19/2023-6/8/2023
Juneteenth National Independence Day,6/9/2023-6/29/2023
Independence Day,6/24/2023-7/14/2023
Labor Day,8/25/2023-9/14/2023
Veterans Day,11/1/2023-11/21/2023
Thanksgiving 2023,11/13/2023-12/3/2023
2023 Thanksgiving,11/13/2023-12/3/2023
Thanksgiving '23,11/13/2023-12/3/2023
'23 Thanksgiving,11/13/2023-12/3/2023
Christmas 2023,12/15/2023-1/4/2024
2023 Christmas,12/15/2023-1/4/2024
Christmas '23,12/15/2023-1/4/2024
'23 Christmas,12/15/2023-1/4/2024
Martin Luther King Jr. Day,1/6/2023-1/26/2023
Washington's Birthday,2/10/2023-3/2/2023
Columbus Day,9/29/2023-10/19/2023
New Year's Day 2024,12/22/2023-1/11/2024
2024 New Year's Day,12/22/2023-1/11/2024
New Year's Day '24,12/22/2023-1/11/2024
'24 New Year's Day,12/22/2023-1/11/2024
New Year's 2024,12/22/2023-1/11/2024
2024 New Year's,12/22/2023-1/11/2024
New Year's '24',12/22/2023-1/11/2024
'24 New Year's,12/22/2023-1/11/2024
New Years 2024,12/22/2023-1/11/2024
2024 New Years,12/22/2023-1/11/2024
New Years '24,12/22/2023-1/11/2024
'24 New Years,12/22/2023-1/11/2024
Memorial Day,5/17/2024-6/6/2024
Juneteenth National Independence Day,6/9/2024-6/29/2024
Independence Day,6/24/2024-7/14/2024
Labor Day,8/23/2024-9/12/2024
Veterans Day,11/1/2024-11/21/2024
Thanksgiving 2024,11/18/2024-12/8/2024
2024 Thanksgiving,11/18/2024-12/8/2024
Thanksgiving '24,11/18/2024-12/8/2024
'24 Thanksgiving,11/18/2024-12/8/2024
Christmas 2024,12/15/2024-1/4/2025
2024 Christmas,12/15/2024-1/4/2025
Christmas '24,12/15/2024-1/4/2025
'24 Christmas,12/15/2024-1/4/2025
Martin Luther King Jr. Day,1/5/2024-1/25/2024
Washington's Birthday,2/9/2024-2/29/2024
Columbus Day,10/4/2024-10/24/2024
New Year's Day 2025,12/22/2024-1/11/2025
2025 New Year's Day,12/22/2024-1/11/2025
New Year's Day '25,12/22/2024-1/11/2025
'25 New Year's Day,12/22/2024-1/11/2025
New Year's 2025,12/22/2024-1/11/2025
2025 New Year's,12/22/2024-1/11/2025
New Year's '25',12/22/2024-1/11/2025
'25 New Year's,12/22/2024-1/11/2025
New Years 2025,12/22/2024-1/11/2025
2025 New Years,12/22/2024-1/11/2025
New Years '25,12/22/2024-1/11/2025
'25 New Years,12/22/2024-1/11/2025
Memorial Day,5/16/2025-6/5/2025
Juneteenth National Independence Day,6/9/2025-6/29/2025
Independence Day,6/24/2025-7/14/2025
Labor Day,8/22/2025-9/11/2025
Veterans Day,11/1/2025-11/21/2025
Thanksgiving 2025,11/17/2025-12/7/2025
2025 Thanksgiving,11/17/2025-12/7/2025
Thanksgiving '25,11/17/2025-12/7/2025
'25 Thanksgiving,11/17/2025-12/7/2025
Christmas 2025,12/15/2025-1/4/2026
2025 Christmas,12/15/2025-1/4/2026
Christmas '25,12/15/2025-1/4/2026
'25 Christmas,12/15/2025-1/4/2026
Martin Luther King Jr. Day,1/10/2025-1/30/2025
Washington's Birthday,2/7/2025-2/27/2025
Columbus Day,10/3/2025-10/23/2025
New Year's Day 2026,12/22/2025-1/11/2026
2026 New Year's Day,12/22/2025-1/11/2026
New Year's Day '26,12/22/2025-1/11/2026
'26 New Year's Day,12/22/2025-1/11/2026
New Year's 2026,12/22/2025-1/11/2026
2026 New Year's,12/22/2025-1/11/2026
New Year's '26',12/22/2025-1/11/2026
'26 New Year's,12/22/2025-1/11/2026
New Years 2026,12/22/2025-1/11/2026
2026 New Years,12/22/2025-1/11/2026
New Years '26,12/22/2025-1/11/2026
'26 New Years,12/22/2025-1/11/2026
Memorial Day,5/15/2026-6/4/2026
Juneteenth National Independence Day,6/9/2026-6/29/2026
Independence Day,6/24/2026-7/14/2026
Labor Day,8/28/2026-9/17/2026
Veterans Day,11/1/2026-11/21/2026
Thanksgiving 2026,11/16/2026-12/6/2026
2026 Thanksgiving,11/16/2026-12/6/2026
Thanksgiving '26,11/16/2026-12/6/2026
'26 Thanksgiving,11/16/2026-12/6/2026
Christmas 2026,12/15/2026-1/4/2027
2026 Christmas,12/15/2026-1/4/2027
Christmas '26,12/15/2026-1/4/2027
'26 Christmas,12/15/2026-1/4/2027
Martin Luther King Jr. Day,1/9/2026-1/29/2026
Washington's Birthday,2/6/2026-2/26/2026
Columbus Day,10/2/2026-10/22/2026
New Year's Day 2027,12/22/2026-1/11/2027
2027 New Year's Day,12/22/2026-1/11/2027
New Year's Day '27,12/22/2026-1/11/2027
'27 New Year's Day,12/22/2026-1/11/2027
New Year's 2027,12/22/2026-1/11/2027
2027 New Year's,12/22/2026-1/11/2027
New Year's '27',12/22/2026-1/11/2027
'27 New Year's,12/22/2026-1/11/2027
New Years 2027,12/22/2026-1/11/2027
2027 New Years,12/22/2026-1/11/2027
New Years '27,12/22/2026-1/11/2027
'27 New Years,12/22/2026-1/11/2027
Memorial Day,5/21/2027-6/10/2027
Juneteenth National Independence Day,6/9/2027-6/29/2027
Independence Day,6/24/2027-7/14/2027
Labor Day,8/27/2027-9/16/2027
Veterans Day,11/1/2027-11/21/2027
Thanksgiving 2027,11/15/2027-12/5/2027
2027 Thanksgiving,11/15/2027-12/5/2027
Thanksgiving '27,11/15/2027-12/5/2027
'27 Thanksgiving,11/15/2027-12/5/2027
Christmas 2027,12/15/2027-1/4/2028
2027 Christmas,12/15/2027-1/4/2028
Christmas '27,12/15/2027-1/4/2028
'27 Christmas,12/15/2027-1/4/2028
Martin Luther King Jr. Day,1/8/2027-1/28/2027
Washington's Birthday,2/5/2027-2/25/2027
Columbus Day,10/1/2027-10/21/2027
New Year's Day 2028,12/22/2027-1/11/2028
2028 New Year's Day,12/22/2027-1/11/2028
New Year's Day '28,12/22/2027-1/11/2028
'28 New Year's Day,12/22/2027-1/11/2028
New Year's 2028,12/22/2027-1/11/2028
2028 New Year's,12/22/2027-1/11/2028
New Year's '28',12/22/2027-1/11/2028
'28 New Year's,12/22/2027-1/11/2028
New Years 2028,12/22/2027-1/11/2028
2028 New Years,12/22/2027-1/11/2028
New Years '28,12/22/2027-1/11/2028
'28 New Years,12/22/2027-1/11/2028
Memorial Day,5/19/2028-6/8/2028
Juneteenth National Independence Day,6/9/2028-6/29/2028
Independence Day,6/24/2028-7/14/2028
Labor Day,8/25/2028-9/14/2028
Veterans Day,11/1/2028-11/21/2028
Thanksgiving 2028,11/13/2028-12/3/2028
2028 Thanksgiving,11/13/2028-12/3/2028
Thanksgiving '28,11/13/2028-12/3/2028
'28 Thanksgiving,11/13/2028-12/3/2028
Christmas 2028,12/15/2028-1/4/2029
2028 Christmas,12/15/2028-1/4/2029
Christmas '28,12/15/2028-1/4/2029
'28 Christmas,12/15/2028-1/4/2029
Martin Luther King Jr. Day,1/7/2028-1/27/2028
Washington's Birthday,2/11/2028-3/2/2028
Columbus Day,9/29/2028-10/19/2028
New Year's Day 2029,12/22/2028-1/11/2029
2029 New Year's Day,12/22/2028-1/11/2029
New Year's Day '29,12/22/2028-1/11/2029
'29 New Year's Day,12/22/2028-1/11/2029
New Year's 2029,12/22/2028-1/11/2029
2029 New Year's,12/22/2028-1/11/2029
New Year's '29',12/22/2028-1/11/2029
'29 New Year's,12/22/2028-1/11/2029
New Years 2029,12/22/2028-1/11/2029
2029 New Years,12/22/2028-1/11/2029
New Years '29,12/22/2028-1/11/2029
'29 New Years,12/22/2028-1/11/2029
Memorial Day,5/18/2029-6/7/2029
Juneteenth National Independence Day,6/9/2029-6/29/2029
Independence Day,6/24/2029-7/14/2029
Labor Day,8/24/2029-9/13/2029
Veterans Day,11/1/2029-11/21/2029
Thanksgiving 2029,11/12/2029-12/2/2029
2029 Thanksgiving,11/12/2029-12/2/2029
Thanksgiving '29,11/12/2029-12/2/2029
'29 Thanksgiving,11/12/2029-12/2/2029
Christmas 2029,12/15/2029-1/4/2030
2029 Christmas,12/15/2029-1/4/2030
Christmas '29,12/15/2029-1/4/2030
'29 Christmas,12/15/2029-1/4/2030
Martin Luther King Jr. Day,1/5/2029-1/25/2029
Washington's Birthday,2/9/2029-3/1/2029
Columbus Day,9/28/2029-10/18/2029
New Year's Day 2030,12/22/2029-1/11/2030
2030 New Year's Day,12/22/2029-1/11/2030
New Year's Day '30,12/22/2029-1/11/2030
'30 New Year's Day,12/22/2029-1/11/2030
New Year's 2030,12/22/2029-1/11/2030
2030 New Year's,12/22/2029-1/11/2030
New Year's '30',12/22/2029-1/11/2030
'30 New Year's,12/22/2029-1/11/2030
New Years 2030,12/22/2029-1/11/2030
2030 New Years,12/22/2029-1/11/2030
New Years '30,12/22/2029-1/11/2030
'30 New Years,12/22/2029-1/11/2030
Memorial Day,5/17/2030-6/6/2030
Juneteenth National Independence Day,6/9/2030-6/29/2030
Independence Day,6/24/2030-7/14/2030
Labor Day,8/23/2030-9/12/2030
Veterans Day,11/1/2030-11/21/2030
Thanksgiving 2030,11/18/2030-12/8/2030
2030 Thanksgiving,11/18/2030-12/8/2030
Thanksgiving '30,11/18/2030-12/8/2030
'30 Thanksgiving,11/18/2030-12/8/2030
Christmas 2030,12/15/2030-1/4/2031
2030 Christmas,12/15/2030-1/4/2031
Christmas '30,12/15/2030-1/4/2031
'30 Christmas,12/15/2030-1/4/2031
Martin Luther King Jr. Day,1/11/2030-1/31/2030
Washington's Birthday,2/8/2030-2/28/2030
Columbus Day,10/4/2030-10/24/2030
New Year's Day 2031,12/22/2030-1/11/2031
2031 New Year's Day,12/22/2030-1/11/2031
New Year's Day '31,12/22/2030-1/11/2031
'31 New Year's Day,12/22/2030-1/11/2031
New Year's 2031,12/22/2030-1/11/2031
2031 New Year's,12/22/2030-1/11/2031
New Year's '31',12/22/2030-1/11/2031
'31 New Year's,12/22/2030-1/11/2031
New Years 2031,12/22/2030-1/11/2031
2031 New Years,12/22/2030-1/11/2031
New Years '31,12/22/2030-1/11/2031
'31 New Years,12/22/2030-1/11/2031
Memorial Day,5/16/2031-6/5/2031
Juneteenth National Independence Day,6/9/2031-6/29/2031
Independence Day,6/24/2031-7/14/2031
Labor Day,8/22/2031-9/11/2031
Veterans Day,11/1/2031-11/21/2031
Thanksgiving 2031,11/17/2031-12/7/2031
2031 Thanksgiving,11/17/2031-12/7/2031
Thanksgiving '31,11/17/2031-12/7/2031
'31 Thanksgiving,11/17/2031-12/7/2031
Christmas 2031,12/15/2031-1/4/2032
2031 Christmas,12/15/2031-1/4/2032
Christmas '31,12/15/2031-1/4/2032
'31 Christmas,12/15/2031-1/4/2032
Martin Luther King Jr. Day,1/10/2031-1/30/2031
Washington's Birthday,2/7/2031-2/27/2031
Columbus Day,10/3/2031-10/23/2031
New Year's Day 2032,12/22/2031-1/11/2032
2032 New Year's Day,12/22/2031-1/11/2032
New Year's Day '32,12/22/2031-1/11/2032
'32 New Year's Day,12/22/2031-1/11/2032
New Year's 2032,12/22/2031-1/11/2032
2032 New Year's,12/22/2031-1/11/2032
New Year's '32',12/22/2031-1/11/2032
'32 New Year's,12/22/2031-1/11/2032
New Years 2032,12/22/2031-1/11/2032
2032 New Years,12/22/2031-1/11/2032
New Years '32,12/22/2031-1/11/2032
'32 New Years,12/22/2031-1/11/2032
Memorial Day,5/21/2032-6/10/2032
Juneteenth National Independence Day,6/9/2032-6/29/2032
Independence Day,6/24/2032-7/14/2032
Labor Day,8/27/2032-9/16/2032
Veterans Day,11/1/2032-11/21/2032
Thanksgiving 2032,11/15/2032-12/5/2032
2032 Thanksgiving,11/15/2032-12/5/2032
Thanksgiving '32,11/15/2032-12/5/2032
'32 Thanksgiving,11/15/2032-12/5/2032
Christmas 2032,12/15/2032-1/4/2033
2032 Christmas,12/15/2032-1/4/2033
Christmas '32,12/15/2032-1/4/2033
'32 Christmas,12/15/2032-1/4/2033
Martin Luther King Jr. Day,1/9/2032-1/29/2032
Washington's Birthday,2/6/2032-2/26/2032
Columbus Day,10/1/2032-10/21/2032
New Year's Day 2033,12/22/2032-1/11/2033
2033 New Year's Day,12/22/2032-1/11/2033
New Year's Day '33,12/22/2032-1/11/2033
'33 New Year's Day,12/22/2032-1/11/2033
New Year's 2033,12/22/2032-1/11/2033
2033 New Year's,12/22/2032-1/11/2033
New Year's '33',12/22/2032-1/11/2033
'33 New Year's,12/22/2032-1/11/2033
New Years 2033,12/22/2032-1/11/2033
2033 New Years,12/22/2032-1/11/2033
New Years '33,12/22/2032-1/11/2033
'33 New Years,12/22/2032-1/11/2033
Memorial Day,5/20/2033-6/9/2033
Juneteenth National Independence Day,6/9/2033-6/29/2033
Independence Day,6/24/2033-7/14/2033
Labor Day,8/26/2033-9/15/2033
Veterans Day,11/1/2033-11/21/2033
Thanksgiving 2033,11/14/2033-12/4/2033
2033 Thanksgiving,11/14/2033-12/4/2033
Thanksgiving '33,11/14/2033-12/4/2033
'33 Thanksgiving,11/14/2033-12/4/2033
Christmas 2033,12/15/2033-1/4/2034
2033 Christmas,12/15/2033-1/4/2034
Christmas '33,12/15/2033-1/4/2034
'33 Christmas,12/15/2033-1/4/2034
Martin Luther King Jr. Day,1/7/2033-1/27/2033
Washington's Birthday,2/11/2033-3/3/2033
Columbus Day,9/30/2033-10/20/2033
New Year's Day 2034,12/22/2033-1/11/2034
2034 New Year's Day,12/22/2033-1/11/2034
New Year's Day '34,12/22/2033-1/11/2034
'34 New Year's Day,12/22/2033-1/11/2034
New Year's 2034,12/22/2033-1/11/2034
2034 New Year's,12/22/2033-1/11/2034
New Year's '34',12/22/2033-1/11/2034
'34 New Year's,12/22/2033-1/11/2034
New Years 2034,12/22/2033-1/11/2034
2034 New Years,12/22/2033-1/11/2034
New Years '34,12/22/2033-1/11/2034
'34 New Years,12/22/2033-1/11/2034
Memorial Day,5/19/2034-6/8/2034
Juneteenth National Independence Day,6/9/2034-6/29/2034
Independence Day,6/24/2034-7/14/2034
Labor Day,8/25/2034-9/14/2034
Veterans Day,11/1/2034-11/21/2034
Thanksgiving 2034,11/13/2034-12/3/2034
2034 Thanksgiving,11/13/2034-12/3/2034
Thanksgiving '34,11/13/2034-12/3/2034
'34 Thanksgiving,11/13/2034-12/3/2034
Christmas 2034,12/15/2034-1/4/2035
2034 Christmas,12/15/2034-1/4/2035
Christmas '34,12/15/2034-1/4/2035
'34 Christmas,12/15/2034-1/4/2035
Martin Luther King Jr. Day,1/6/2034-1/26/2034
Washington's Birthday,2/10/2034-3/2/2034
Columbus Day,9/29/2034-10/19/2034
New Year's Day 2035,12/22/2034-1/11/2035
2035 New Year's Day,12/22/2034-1/11/2035
New Year's Day '35,12/22/2034-1/11/2035
'35 New Year's Day,12/22/2034-1/11/2035
New Year's 2035,12/22/2034-1/11/2035
2035 New Year's,12/22/2034-1/11/2035
New Year's '35',12/22/2034-1/11/2035
'35 New Year's,12/22/2034-1/11/2035
New Years 2035,12/22/2034-1/11/2035
2035 New Years,12/22/2034-1/11/2035
New Years '35,12/22/2034-1/11/2035
'35 New Years,12/22/2034-1/11/2035
Memorial Day,5/18/2035-6/7/2035
Juneteenth National Independence Day,6/9/2035-6/29/2035
Independence Day,6/24/2035-7/14/2035
Labor Day,8/24/2035-9/13/2035
Veterans Day,11/1/2035-11/21/2035
Thanksgiving 2035,11/12/2035-12/2/2035
2035 Thanksgiving,11/12/2035-12/2/2035
Thanksgiving '35,11/12/2035-12/2/2035
'35 Thanksgiving,11/12/2035-12/2/2035
Christmas 2035,12/15/2035-1/4/2036
2035 Christmas,12/15/2035-1/4/2036
Christmas '35,12/15/2035-1/4/2036
'35 Christmas,12/15/2035-1/4/2036
Martin Luther King Jr. Day,1/5/2035-1/25/2035
Washington's Birthday,2/9/2035-3/1/2035
Columbus Day,9/28/2035-10/18/2035
New Year's Day 2036,12/22/2035-1/11/2036
2036 New Year's Day,12/22/2035-1/11/2036
New Year's Day '36,12/22/2035-1/11/2036
'36 New Year's Day,12/22/2035-1/11/2036
New Year's 2036,12/22/2035-1/11/2036
2036 New Year's,12/22/2035-1/11/2036
New Year's '36',12/22/2035-1/11/2036
'36 New Year's,12/22/2035-1/11/2036
New Years 2036,12/22/2035-1/11/2036
2036 New Years,12/22/2035-1/11/2036
New Years '36,12/22/2035-1/11/2036
'36 New Years,12/22/2035-1/11/2036
Memorial Day,5/16/2036-6/5/2036
Juneteenth National Independence Day,6/9/2036-6/29/2036
Independence Day,6/24/2036-7/14/2036
Labor Day,8/22/2036-9/11/2036
Veterans Day,11/1/2036-11/21/2036
Thanksgiving 2036,11/17/2036-12/7/2036
2036 Thanksgiving,11/17/2036-12/7/2036
Thanksgiving '36,11/17/2036-12/7/2036
'36 Thanksgiving,11/17/2036-12/7/2036
Christmas 2036,12/15/2036-1/4/2037
2036 Christmas,12/15/2036-1/4/2037
Christmas '36,12/15/2036-1/4/2037
'36 Christmas,12/15/2036-1/4/2037
Martin Luther King Jr. Day,1/11/2036-1/31/2036
Washington's Birthday,2/8/2036-2/28/2036
Columbus Day,10/3/2036-10/23/2036
New Year's Day 2037,12/22/2036-1/11/2037
2037 New Year's Day,12/22/2036-1/11/2037
New Year's Day '37,12/22/2036-1/11/2037
'37 New Year's Day,12/22/2036-1/11/2037
New Year's 2037,12/22/2036-1/11/2037
2037 New Year's,12/22/2036-1/11/2037
New Year's '37',12/22/2036-1/11/2037
'37 New Year's,12/22/2036-1/11/2037
New Years 2037,12/22/2036-1/11/2037
2037 New Years,12/22/2036-1/11/2037
New Years '37,12/22/2036-1/11/2037
'37 New Years,12/22/2036-1/11/2037
Memorial Day,5/15/2037-6/4/2037
Juneteenth National Independence Day,6/9/2037-6/29/2037
Independence Day,6/24/2037-7/14/2037
Labor Day,8/28/2037-9/17/2037
Veterans Day,11/1/2037-11/21/2037
Thanksgiving 2037,11/16/2037-12/6/2037
2037 Thanksgiving,11/16/2037-12/6/2037
Thanksgiving '37,11/16/2037-12/6/2037
'37 Thanksgiving,11/16/2037-12/6/2037
Christmas 2037,12/15/2037-1/4/2038
2037 Christmas,12/15/2037-1/4/2038
Christmas '37,12/15/2037-1/4/2038
'37 Christmas,12/15/2037-1/4/2038
Martin Luther King Jr. Day,1/9/2037-1/29/2037
Washington's Birthday,2/6/2037-2/26/2037
Columbus Day,10/2/2037-10/22/2037
New Year's Day 2038,12/22/2037-1/11/2038
2038 New Year's Day,12/22/2037-1/11/2038
New Year's Day '38,12/22/2037-1/11/2038
'38 New Year's Day,12/22/2037-1/11/2038
New Year's 2038,12/22/2037-1/11/2038
2038 New Year's,12/22/2037-1/11/2038
New Year's '38',12/22/2037-1/11/2038
'38 New Year's,12/22/2037-1/11/2038
New Years 2038,12/22/2037-1/11/2038
2038 New Years,12/22/2037-1/11/2038
New Years '38,12/22/2037-1/11/2038
'38 New Years,12/22/2037-1/11/2038
Memorial Day,5/21/2038-6/10/2038
Juneteenth National Independence Day,6/9/2038-6/29/2038
Independence Day,6/24/2038-7/14/2038
Labor Day,8/27/2038-9/16/2038
Veterans Day,11/1/2038-11/21/2038
Thanksgiving 2038,11/15/2038-12/5/2038
2038 Thanksgiving,11/15/2038-12/5/2038
Thanksgiving '38,11/15/2038-12/5/2038
'38 Thanksgiving,11/15/2038-12/5/2038
Christmas 2038,12/15/2038-1/4/2039
2038 Christmas,12/15/2038-1/4/2039
Christmas '38,12/15/2038-1/4/2039
'38 Christmas,12/15/2038-1/4/2039
Martin Luther King Jr. Day,1/8/2038-1/28/2038
Washington's Birthday,2/5/2038-2/25/2038
Columbus Day,10/1/2038-10/21/2038
New Year's Day 2039,12/22/2038-1/11/2039
2039 New Year's Day,12/22/2038-1/11/2039
New Year's Day '39,12/22/2038-1/11/2039
'39 New Year's Day,12/22/2038-1/11/2039
New Year's 2039,12/22/2038-1/11/2039
2039 New Year's,12/22/2038-1/11/2039
New Year's '39',12/22/2038-1/11/2039
'39 New Year's,12/22/2038-1/11/2039
New Years 2039,12/22/2038-1/11/2039
2039 New Years,12/22/2038-1/11/2039
New Years '39,12/22/2038-1/11/2039
'39 New Years,12/22/2038-1/11/2039
Memorial Day,5/20/2039-6/9/2039
Juneteenth National Independence Day,6/9/2039-6/29/2039
Independence Day,6/24/2039-7/14/2039
Labor Day,8/26/2039-9/15/2039
Veterans Day,11/1/2039-11/21/2039
Thanksgiving 2039,11/14/2039-12/4/2039
2039 Thanksgiving,11/14/2039-12/4/2039
Thanksgiving '39,11/14/2039-12/4/2039
'39 Thanksgiving,11/14/2039-12/4/2039
Christmas 2039,12/15/2039-1/4/2040
2039 Christmas,12/15/2039-1/4/2040
Christmas '39,12/15/2039-1/4/2040
'39 Christmas,12/15/2039-1/4/2040
Martin Luther King Jr. Day,1/7/2039-1/27/2039
Washington's Birthday,2/11/2039-3/3/2039
Columbus Day,9/30/2039-10/20/2039
